<?xml version="1.0" encoding="UTF-8"?>
<project-private xmlns="http://www.netbeans.org/ns/project-private/1">
    <editor-bookmarks xmlns="http://www.netbeans.org/ns/editor-bookmarks/2" lastBookmarkId="0"/>
    <open-files xmlns="http://www.netbeans.org/ns/projectui-open-files/2">
        <group>
            <file>file:/C:/Users/Dishant%20Mittal/Documents/NetBeansProjects/Project1Task4/web/empty.jsp</file>
            <file>file:/C:/Users/Dishant%20Mittal/Documents/NetBeansProjects/Project1Task4/src/java/ImageSearch.java</file>
            <file>file:/C:/Users/Dishant%20Mittal/Documents/NetBeansProjects/Project1Task4/src/java/InterestingPictureModel.java</file>
            <file>file:/C:/Users/Dishant%20Mittal/Documents/NetBeansProjects/Project1Task4/web/result.jsp</file>
        </group>
    </open-files>
</project-private>
